<?xml version="1.0" encoding="UTF-8"?>
<!DOCTYPE struts-config PUBLIC "-//Apache Software Foundation//DTD Struts 
Configuration 1.3//EN" "http://struts.apache.org/dtds/struts-config_1_3.dtd">
<struts-config>
	<form-beans>
		<form-bean name="studentRegForm" type="form.StudentRegForm" />
	</form-beans>
	<action-mappings>
		<action input="#" name="studentRegForm"
			path="/reg" scope="request" type="action.StudentRegAction" validate="true">
			<forward name="them" path="/studentReg.jsp" />
			<forward name="themSVerror" path="/themSinhVien.jsp" />
			<forward name="themxong" path="/danh-sach.do" redirect="true"/>
		</action>
		
	</action-mappings>
	<message-resources parameter="action.ApplicationResources" />
	
</struts-config>
