<?xml version="1.0" encoding="UTF-8"?>
<!DOCTYPE struts-config PUBLIC "-//Apache Software Foundation//DTD Struts 
Configuration 1.3//EN" "http://struts.apache.org/dtds/struts-config_1_3.dtd">
<struts-config>
	<form-beans>
		<form-bean name="listMatHangForm" type="form.ListMatHangForm" />
		<form-bean name="matHangForm" type="form.MatHangForm" />
	</form-beans>
	<action-mappings>
		<action input="/listMatHang.jsp" name="listMatHangForm"
			path="/danh-sach" scope="request" type="action.ListMatHangAction">
			<forward name="listMatHang" path="/listMatHang.jsp" />
		</action>
		<action input="/listMatHang.jsp" name="matHangForm"
			path="/themMH" scope="request" type="action.AddMatHangAction">
			<forward name="themMH" path="/addMatHang.jsp" />
			<forward name="themMHxong" path="/danh-sach.do"/>
		</action>
		<action path="/phanTrangDSMH" type="action.PhanTrangListMatHangAction"
			name="listMatHangForm" scope="request">
		</action>
	</action-mappings>
	<message-resources parameter="action.ApplicationResources" />
	
</struts-config>
